{"routers":{"analytics":{"name":"analytics","version":"2025-03-06T05:12:58","disableAuth":false},"chat":{"name":"chat","version":"2025-03-06T08:00:07","disableAuth":false},"embeddings":{"name":"embeddings","version":"2025-03-06T06:17:27","disableAuth":false},"urls":{"name":"urls","version":"2025-03-06T04:25:33","disableAuth":false},"content_analysis":{"name":"content_analysis","version":"2025-03-06T07:08:02","disableAuth":false},"pdf_export":{"name":"pdf_export","version":"2025-03-06T08:17:34","disableAuth":false},"documents":{"name":"documents","version":"2025-03-06T04:25:33","disableAuth":false},"email_api":{"name":"email_api","version":"2025-03-06T06:56:01","disableAuth":false}}}